CID,Compound Name,Activities
122130742,"[(1S,2S,4S,5R,6S,9R,16S,17S)-11-ethyl-3,8-dihydroxy-4,6,16-trimethoxy-11-azahexacyclo[7.7.2.12,5.01,10.03,8.013,17]nonadecan-13-yl] 2-acetamidobenzoate",[]
90479327,Acetyl-10-deoxysepaconitine,"['Psychotropic Drugs', 'Anti-Arrhythmia Agents', 'Analgesics, Non-Narcotic']"
76972773,CID 76972773,[]
44558536,Amineptine hydrochloride,[]
16667701,CID 16667701,"['Psychotropic Drugs', 'Anti-Arrhythmia Agents', 'Analgesics, Non-Narcotic']"
16464737,"(10xi)-20-Ethyl-8,9-dihydroxy-1,14,16-trimethoxyaconitan-4-yl 2-(acetylamino)benzoate","['Psychotropic Drugs', 'Anti-Arrhythmia Agents', 'Analgesics, Non-Narcotic']"
11956149,Cathinone hydrochloride,"['Psychotropic Drugs', 'Central Nervous System Stimulants']"
9896038,SureCN408157,"['Psychotropic Drugs', 'Anti-Arrhythmia Agents', 'Analgesics, Non-Narcotic']"
6917827,Allapininum,"['Psychotropic Drugs', 'Anti-Arrhythmia Agents', 'Analgesics, Non-Narcotic']"
6444388,Nebracetam fumarate,"['Psychotropic Drugs', 'Parasympathomimetics']"
5281279,(+)-Lappaconitine,"['Psychotropic Drugs', 'Anti-Arrhythmia Agents', 'Analgesics, Non-Narcotic']"
4660557,Bromantane,"['Psychotropic Drugs', 'Adjuvants, Immunologic', 'Cholinergic Agents']"
441743,Lappaconitine,"['Psychotropic Drugs', 'Anti-Arrhythmia Agents', 'Analgesics, Non-Narcotic']"
156395,(R)-(+)-Cathinone hydrochloride,[]
128852,2-Ethyl-6-methyl-3-hydroxypyridine hydrochloride,"['Platelet Aggregation Inhibitors', 'Psychotropic Drugs', 'Anti-Arrhythmia Agents', 'Radiation-Protective Agents', 'Mutagens', 'Antioxidants']"
122298,Mexidol,"['Psychotropic Drugs', 'Platelet Aggregation Inhibitors', 'Antioxidants']"
115161,(+)-Lappaconitine >90%,"['Psychotropic Drugs', 'Anti-Arrhythmia Agents', 'Analgesics, Non-Narcotic']"
114681,2-Ethyl-3-hydroxy-6-methylpyridine,"['Platelet Aggregation Inhibitors', 'Psychotropic Drugs', 'Anti-Arrhythmia Agents', 'Radiation-Protective Agents', 'Mutagens', 'Antioxidants']"
107841,Ethacizine,"['Psychotropic Drugs', 'Anti-Arrhythmia Agents']"
107786,2-Aminopropiophenone,"['Psychotropic Drugs', 'Central Nervous System Stimulants']"
107750,Bonnecor,"['Psychotropic Drugs', 'Anti-Arrhythmia Agents']"
77619,1-Phenylpiperazine dihydrochloride,"['Psychotropic Drugs', 'Adrenergic alpha-Antagonists']"
75164,1-Phenylpiperazine hydrochloride,"['Psychotropic Drugs', 'Adrenergic alpha-Antagonists']"
73961,Glutamic acid diethyl ester,"['Psychotropic Drugs', 'Anticonvulsants', 'Excitatory Amino Acid Antagonists']"
73960,Diethyl L-glutamate hydrochloride,"['Psychotropic Drugs', 'Anticonvulsants', 'Excitatory Amino Acid Antagonists']"
73334,Amperozide hydrochloride,"['Psychotropic Drugs', 'Serotonin Antagonists', 'Antipsychotic Agents']"
73333,Amperozide,"['Psychotropic Drugs', 'Serotonin Antagonists', 'Antipsychotic Agents']"
71456,Xanomeline tartrate,"['Muscarinic Agonists', 'Parasympathomimetics', 'Psychotropic Drugs']"
71264,Tiracizine,"['Psychotropic Drugs', 'Anti-Arrhythmia Agents']"
71157,Nefiracetam,"['Psychotropic Drugs', 'Central Nervous System Agents', 'Nootropic Agents', 'Neuroprotective Agents']"
71153,Fluprazine,['Psychotropic Drugs']
65926,Nebracetam,"['Psychotropic Drugs', 'Parasympathomimetics']"
62258,Cathinone,"['Psychotropic Drugs', 'Central Nervous System Stimulants']"
60809,Xanomeline,"['Muscarinic Agonists', 'Psychotropic Drugs', 'Parasympathomimetics']"
36303,Proroxan,"['Psychotropic Drugs', 'Adrenergic alpha-Antagonists']"
36302,Proroxan hydrochloride,"['Psychotropic Drugs', 'Adrenergic alpha-Antagonists']"
34870,Amineptine,"['Psychotropic Drugs', 'Antidepressive Agents, Tricyclic']"
34869,Survector,"['Psychotropic Drugs', 'Antidepressive Agents, Tricyclic']"
16078,Dronabinol,"['Psychotropic Drugs', 'Cannabinoid Receptor Agonists', 'Hallucinogens', 'Analgesics, Non-Narcotic']"
9075,2-Phenylethylamine hydrochloride,['Psychotropic Drugs']
7096,1-Phenylpiperazine,"['Psychotropic Drugs', 'Adrenergic alpha-Antagonists']"
4626,Oxiracetam,"['Psychotropic Drugs', 'Nootropic Agents']"
3886,Lannaconitine,"['Psychotropic Drugs', 'Anti-Arrhythmia Agents', 'Analgesics, Non-Narcotic']"
1001,Phenethylamine,['Psychotropic Drugs']
122130254,"(1'R,2R,3S,4'S,6S,10'E,12'S,13'S,14'E,16'E,21'R,24'S)-2-cyclohexyl-21',24'-dihydroxy-12'-[(2S,4S,5S,6S)-5-[(2R,4S,5S,6S)-5-hydroxy-4-methoxy-6-methyloxan-2-yl]oxy-4-methoxy-6-methyloxan-2-yl]oxy-3,11',13',22'-tetramethylspiro[2,3-dihydropyran-6,6'-3,7,19-trioxatetracyclo[15.6.1.14,8.020,24]pentacosa-10,14,16,22-tetraene]-2'-one",[]
121591942,"2-[2-(4-Benzo[b][1,4]benzothiazepin-6-ylpiperazin-1-yl)ethoxy]ethanol;2-methoxyethanol",[]
121489462,CID 121489462,[]
101932822,"(1S,2R,5R,6R)-2-aminobicyclo[3.1.0]hexane-2,6-dicarboxylic acid",[]
101656013,"(1'R,2R,3S,4'S,6S,8'R,10'Z,12'S,13'S,14'Z,16'Z,20'R,21'R,24'S)-2-cyclohexyl-21',24'-dihydroxy-12'-[(2R,4S,5S,6S)-5-[(2S,4S,5S,6S)-5-hydroxy-4-methoxy-6-methyloxan-2-yl]oxy-4-methoxy-6-methyloxan-2-yl]oxy-3,11',13',22'-tetramethylspiro[2,3-dihydropyran-6,6'-3,7,19-trioxatetracyclo[15.6.1.14,8.020,24]pentacosa-10,14,16,22-tetraene]-2'-one",[]
91994252,CID 91994252,[]
91800248,"(5S)-12-methyl-1,4-diazatetracyclo[7.6.1.05,16.010,15]hexadeca-9(16),10(15),11,13-tetraene;(5R)-12-methyl-1,4-diazatetracyclo[7.6.1.05,16.010,15]hexadeca-9(16),10(15),11,13-tetraene",[]
90488818,"(1S,2S,6S)-2-aminobicyclo[3.1.0]hexane-2,6-dicarboxylic acid",[]
86623402,Butanedioate;4-[2-(dimethylamino)-1-(1-hydroxycyclohexyl)ethyl]phenol,[]
86587282,"(3S,4R)-3-(1,3-benzodioxol-5-yloxymethyl)-4-(4-fluorophenyl)piperidine;(Z)-but-2-enedioate",[]
76972629,CID 76972629,[]
76972157,CID 76972157,[]
76971194,CID 76971194,[]
76970590,CID 76970590,[]
76970357,CID 76970357,[]
76968036,CID 76968036,[]
76968030,CID 76968030,[]
76966814,CID 76966814,[]
76966305,CID 76966305,[]
76965604,CID 76965604,[]
76963839,CID 76963839,[]
76962655,CID 76962655,[]
76962653,(2R)-2-[(2-ethoxyphenoxy)methyl]morpholine;(2S)-2-[(2-ethoxyphenoxy)methyl]morpholine,[]
76962601,CID 76962601,[]
76960974,(2R)-2-[(R)-(2-ethoxyphenoxy)-phenylmethyl]morpholine;(2S)-2-[(S)-(2-ethoxyphenoxy)-phenylmethyl]morpholine,[]
76960490,CID 76960490,[]
76960151,CID 76960151,[]
76959441,CID 76959441,[]
76959328,CID 76959328,[]
76957893,CID 76957893,[]
76956960,CID 76956960,[]
76956911,CID 76956911,[]
76956289,CID 76956289,[]
76956248,CID 76956248,[]
76848959,CID 76848959,"['Anticonvulsants', 'Antidepressive Agents']"
73417330,CID 73417330,[]
73417084,CID 73417084,[]
73417030,10-[2-[(2S)-1-methylpiperidin-2-yl]ethyl]-2-methylsulfanylphenothiazine;10-[2-[(2R)-1-methylpiperidin-2-yl]ethyl]-2-methylsulfanylphenothiazine,[]
73416972,CID 73416972,[]
73416962,CID 73416962,[]
73416955,CID 73416955,[]
73416925,CID 73416925,[]
73416887,CID 73416887,[]
73416868,CID 73416868,[]
73416810,CID 73416810,[]
73416735,"7-Chloro-1,3-dihydro-3-hydroxy-1-methyl-5-phenyl-2H-1,4-benzodiazepin-2-one",[]
73416655,(1S)-1-[3-(dimethylamino)propyl]-1-(4-fluorophenyl)-3H-2-benzofuran-5-carbonitrile;(1R)-1-[3-(dimethylamino)propyl]-1-(4-fluorophenyl)-3H-2-benzofuran-5-carbonitrile,[]
71768094,"4-{2-[(2,4-Dimethylphenyl)sulfanyl]phenyl}piperazin-1-ium",[]
71433910,CID 71433910,['Anti-Anxiety Agents']
71433782,"(1'R,2R,3S,4'S,6S,8'R,12'S,13'S,20'R,21'R,24'S)-2-cyclohexyl-21',24'-dihydroxy-12'-[(2R,4S,5S,6S)-5-[(2S,4S,5S,6S)-5-hydroxy-4-methoxy-6-methyloxan-2-yl]oxy-4-methoxy-6-methyloxan-2-yl]oxy-3,11',13',22'-tetramethylspiro[2,3-dihydropyran-6,6'-3,7,19-trioxatetracyclo[15.6.1.14,8.020,24]pentacosa-10,14,16,22-tetraene]-2'-one","['Insecticides', 'Anticonvulsants', 'Anthelmintics', 'Anti-Anxiety Agents']"
69649162,"1-[1-(4-chlorophenyl)cyclobutyl]-N,N,3-trimethylbutan-1-amine;hydron;chloride;hydrate",[]
68652864,"(1'R,2R,3S,4'S,6S,8'R,10'E,13'S,14'E,20'R,21'R,24'S)-2-cyclohexyl-21',24'-dihydroxy-12'-[(2R,4S,6S)-5-[(2S,4S,5S,6S)-5-hydroxy-4-methoxy-6-methyloxan-2-yl]oxy-4-methoxy-6-methyloxan-2-yl]oxy-3,11',13',22'-tetramethylspiro[2,3-dihydropyran-6,6'-3,7,19-trioxatetracyclo[15.6.1.14,8.020,24]pentacosa-10,14,16,22-tetraene]-2'-one",[]
68492682,"(3S,4R)-3-(1,3-benzodioxol-5-yloxymethyl)-4-(4-fluorophenyl)piperidine;hydron;chloride",[]
67108352,"5-[2-[4-(1,2-Benzothiazol-3-yl)piperazin-1-yl]ethyl]-6-chloro-1,3-dihydroindol-2-one;hydron;chloride",[]
67017013,CID 67017013,[]
66861726,"1-[3-(5,6-Dihydrobenzo[b][1]benzazepin-11-yl)propyl]-4-piperidin-1-ylpiperidine-4-carboxamide;hydrochloride",[]
57354184,Deanol Bisorcate,"['Antidepressive Agents', 'Anti-Dyskinesia Agents']"
56972166,ZK 93423 hydrochloride,[]
56843850,Vortioxetine Hydrobromide,"['Anti-Anxiety Agents', 'Antidepressive Agents', 'Serotonin 5-HT3 Receptor Antagonists', 'Serotonin 5-HT1 Receptor Agonists', 'Selective Serotonin Reuptake Inhibitors']"
54682505,7-chloro-4-hydroxy-3-(3-phenoxyphenyl)quinolin-2(1H)-one,"['Anticonvulsants', 'Antidepressive Agents', 'Excitatory Amino Acid Antagonists', 'Anti-Anxiety Agents']"
54612706,Pharmakon1600-01500606,[]
53486330,"2-{(1R,2R)-2-[4-(1,2-benzisothiazol-3-yl)piperazin-1-ylmethyl]cyclohexylmethyl}hexahydro-4,7-methano-2H-isoindole-1,3-dione",[]
51371336,Pharmakon1600-01505902,"['Insecticides', 'Anticonvulsants', 'Anthelmintics', 'Anti-Anxiety Agents']"
49853453,"2,3-dimethoxy-N-[(1-prop-2-enylpyrrolidin-2-yl)methyl]-5-sulfamoylbenzamide;hydron;chloride",[]
49831411,Aripiprazole Lauroxil,['Antipsychotic Agents']
46780481,"(2R)-9-chloro-4-methyl-13-oxa-4-azatetracyclo[12.4.0.02,6.07,12]octadeca-1(18),7(12),8,10,14,16-hexaene",[]
45479748,(Z)-but-2-enedioate;2-[(E)-[5-methoxy-1-[4-(trifluoromethyl)phenyl]pentylidene]amino]oxyethanamine,[]
45382216,"1-[1-(4-chlorophenyl)cyclobutyl]-N,N,3-trimethyl-1-butanamine; hydron; chloride",[]
45358180,"2-[2-(4-benzo[b][1,4]benzothiazepin-6-ylpiperazin-1-yl)ethoxy]ethanol;(Z)-but-2-enedioic acid","['Antidepressive Agents', 'Antipsychotic Agents']"
44330983,"(1S,9S,13S)-10-allyl-1,13-dimethyl-10-azatricyclo[7.3.1.0~2,7~]trideca-2,4,6-trien-4-ol",[]
25242485,12-epi-Salvinorin A,['Hallucinogens']
25199581,"Dipotassium;7-chloro-2-oxo-5-phenyl-1,3-dihydro-1,4-benzodiazepine-3-carboxylic acid;hydroxide",[]
25137869,Prochlorperazine bimaleate,"['Antiemetics', 'Dopamine Antagonists', 'Antipsychotic Agents']"
25137858,1-[2-(Dimethylamino)-1-(4-methoxyphenyl)ethyl]cyclohexan-1-ol;hydron;chloride,"['Antidepressive Agents, Second-Generation', 'Serotonin and Noradrenaline Reuptake Inhibitors']"
25137853,Trifluoroperazine dihydrochloride,[]
25058200,"2-(2-(4-Dibenzo(b,f)(1,4)thiazepin-11-yl-1-piperazinyl)ethoxy)ethanol fumarate (2:1) (salt)","['Antidepressive Agents', 'Antipsychotic Agents']"
25058183,N-(4-Methyl-6-phenyl-3-pyridazinyl)-4-morpholineethanamine dihydrochloride,[]
25010738,Geodon,"['Serotonin Antagonists', 'Dopamine Antagonists', 'Antipsychotic Agents']"
24847750,Butaclamolum,"['Dopamine Antagonists', 'Antipsychotic Agents']"
24779696,"1-deoxo-1,10-dehydrosalvinorin A",['Hallucinogens']
24178294,Mono-[123I]Iodohypericin,"['Antineoplastic Agents', 'Radiation-Sensitizing Agents', 'Antidepressive Agents', 'Antiviral Agents', 'Immunosuppressive Agents', 'Enzyme Inhibitors']"
23724979,(R)-paliperidone palmitate,[]
23706210,Tranxene,"['GABA Modulators', 'Anticonvulsants', 'Anti-Anxiety Agents']"
23691043,Clorazepate monopotassium,"['GABA Modulators', 'Anticonvulsants', 'Anti-Anxiety Agents']"
23678576,Lithium Bicarbonate,"['Antidepressive Agents', 'Enzyme Inhibitors', 'Antimanic Agents']"
23663956,Divalproex Sodium,"['Anticonvulsants', 'GABA Agents', 'Enzyme Inhibitors', 'Antimanic Agents']"
23663953,Tianeptine sodium,"['Antidepressive Agents, Tricyclic']"
22995473,CID 22995473,[]
21917306,Priadel,"['Antidepressive Agents', 'Enzyme Inhibitors', 'Antimanic Agents']"
21029444,"4-[[(1R)-2-[[(2S)-3-(1H-indol-3-yl)-2-methyl-2-[(1,7,7-trimethyl-2-bicyclo[2.2.1]heptanyl)oxycarbonylamino]propanoyl]amino]-1-phenylethyl]amino]-4-oxobutanoic acid",['Anti-Anxiety Agents']
20980871,"(E)-3-(Dibenzo[b,e]thiepin-11(6H)-ylidene)-N,N-dimethylpropan-1-amine hydrochloride","['Adrenergic Uptake Inhibitors', 'Antidepressive Agents, Tricyclic']"
20463860,"Piperidine, hydrochloride, (3R-trans)-","['Anti-Infective Agents', 'Antidepressive Agents', 'Selective Serotonin Reuptake Inhibitors']"
19830079,"2-Thiophenepropanamine, N-methyl-gamma-(1-naphthalenyloxy)-, ethanedioate (1:1)","['Dopamine Agents', 'Serotonin and Noradrenaline Reuptake Inhibitors', 'Antidepressive Agents', 'Analgesics']"
19082446,"(E)-But-2-enedioic acid;9-chloro-4-methyl-13-oxa-4-azatetracyclo[12.4.0.02,6.07,12]octadeca-1(18),7(12),8,10,14,16-hexaene",[]
18528119,"9-[3-[(3R,5S)-3,5-dimethylpiperazin-1-yl]propyl]carbazole;hydrate;hydrochloride",[]
16760703,Valproate Sodium,"['Anticonvulsants', 'GABA Agents', 'Enzyme Inhibitors', 'Antimanic Agents']"
16746587,N-Allylnormetazocine hydrochloride,['Antipsychotic Agents']
16048558,(-)-Kawain,"['Anticonvulsants', 'Anti-Anxiety Agents']"
15942745,"(4R)-3-[(2S)-3-(1H-imidazol-5-yl)-2-[[(2S)-6-oxopiperidine-2-carbonyl]amino]propanoyl]-1,3-thiazolidine-4-carboxamide",[]
15893898,Tofranil,"['Adrenergic Uptake Inhibitors', 'Antidepressive Agents, Tricyclic']"
15572931,Piquindone hydrochloride,['Antipsychotic Agents']
15565709,Roxiam,"['Dopamine Antagonists', 'Antipsychotic Agents']"
13519970,Ritanserin Tartrate,"['Serotonin Antagonists', 'Anti-Anxiety Agents', 'Antidepressive Agents, Second-Generation', 'Antipsychotic Agents']"
13286169,(+)-N-Allylnormetazocine hydrochloride,['Antipsychotic Agents']
13208114,"2-(aminomethyl)-N,N-diethyl-1-phenylcyclopropanecarboxamide hydrochloride","['Serotonin and Noradrenaline Reuptake Inhibitors', 'Analgesics, Non-Narcotic']"
13131683,"9-[3-(cis-3,5-Dimethyl-1-piperazinyl)propyl]carbazole dihydrochloride monohydrate",[]
12207008,Medazepam hydrochloride,"['Anti-Anxiety Agents', 'Anticonvulsants', 'GABA Modulators', 'Hypnotics and Sedatives', 'Muscle Relaxants, Central']"
11957454,Alaproclate hydrochloride,"['Antidepressive Agents', 'Selective Serotonin Reuptake Inhibitors']"
11954293,"5-chloro-2-methyl-2,3,3a,12b-tetrahydro-1H-dibenzo[2,3:6,7]oxepino[4,5-c]pyrrole maleate",['Antipsychotic Agents']
11954226,CID 11954226,"['Insecticides', 'Anticonvulsants', 'Anthelmintics', 'Anti-Anxiety Agents']"
11705034,Pipamperone dihydrochloride,"['Serotonin Antagonists', 'Antipsychotic Agents']"
11672491,Pimavanserin Tartrate,"['Antiparkinson Agents', 'Serotonin 5-HT2 Receptor Antagonists', 'Antipsychotic Agents']"
11622909,"2-(aminomethyl)-N,N-diethyl-1-phenylcyclopropane-1-carboxamide","['Serotonin and Noradrenaline Reuptake Inhibitors', 'Analgesics, Non-Narcotic']"
11577221,Carpipramine dihydrochloride,['Anti-Anxiety Agents']
11557104,"2,3-Dihydroxybutanedioic acid;1-[(4-fluorophenyl)methyl]-1-(1-methylpiperidin-4-yl)-3-[[4-(2-methylpropoxy)phenyl]methyl]urea","['Antiparkinson Agents', 'Serotonin 5-HT2 Receptor Antagonists', 'Antipsychotic Agents']"
11499499,4-Amino-3-phenylbutyric acid hydrochloride,"['Convulsants', 'Anticonvulsants', 'GABA Agonists', 'Tranquilizing Agents', 'Hypnotics and Sedatives']"
11277418,1-(4-chlorophenyl)-4-(piperidin-1-yl)-1H-imidazol-2(5H)-one,"['Anticonvulsants', 'GABA-A Receptor Agonists', 'Anti-Anxiety Agents']"
11237860,Lurasidone Hydrochloride,"['Adrenergic alpha-2 Receptor Antagonists', 'Dopamine D2 Receptor Antagonists', 'Serotonin 5-HT2 Receptor Antagonists', 'Antipsychotic Agents']"
11198924,Adipiplon,"['GABA Agonists', 'Anti-Anxiety Agents']"
10455311,(2S)-2-[(R)-(2-ethoxyphenoxy)-phenylmethyl]morpholine,[]
10415975,"Flupentixol decanoate, (Z)-","['Tranquilizing Agents', 'Dopamine Antagonists']"
10199199,Desmethylsibutramine,"['Appetite Depressants', 'Antidepressive Agents']"
10140115,Emergil,"['Dopamine Antagonists', 'Antipsychotic Agents']"
10071196,Pimavanserin,"['Antiparkinson Agents', 'Serotonin 5-HT2 Receptor Antagonists', 'Antipsychotic Agents']"
9974162,Tetrahydrodeoxycorticosterone,"['Anesthetics', 'Neurosteroids', 'Anti-Anxiety Agents']"
9966051,Vortioxetine,"['Anti-Anxiety Agents', 'Antidepressive Agents', 'Serotonin 5-HT3 Receptor Antagonists', 'Serotonin 5-HT1 Receptor Agonists', 'Selective Serotonin Reuptake Inhibitors']"
9952420,"4-Methoxy-3-(2-phenylethoxy)-N,N-dipropylbenzeneethanamine hydrochloride",['Antipsychotic Agents']
9926325,Melperone hydrochloride,['Antipsychotic Agents']
9916995,4-({2-[(N-{[(Adamantan-2-yl)oxy]carbonyl}-alpha-methyltryptophyl)amino]-1-phenylethyl}amino)-4-oxobutanoic acid,"['Antineoplastic Agents', 'Hormone Antagonists', 'Anti-Anxiety Agents']"
9909776,CID 9909776,"['Serotonin Receptor Agonists', 'Antidepressive Agents', 'Antihypertensive Agents', 'Anti-Anxiety Agents']"
9903970,"5-Chloro-2-methyl-2,3,3a,12b-tetrahydrodibenzo[2,3:6,7]oxepino[4,5-c]pyrrole",['Antipsychotic Agents']
9884029,Dothiepin hydrochloride,"['Adrenergic Uptake Inhibitors', 'Antidepressive Agents, Tricyclic']"
9883259,Molindone Hydrochloride,['Antipsychotic Agents']
9869458,"(2S)-5-carbamimidamido-2-(2,2-diphenylacetamido)-N-[(4-hydroxyphenyl)methyl]pentanamide",['Anti-Anxiety Agents']
9852746,Paliperidone Palmitate,"['Dopamine D2 Receptor Antagonists', 'Serotonin 5-HT2 Receptor Antagonists', 'Antipsychotic Agents']"
9843029,"(3S,4R)-3-(1,3-benzodioxol-5-yloxymethyl)-4-(4-fluorophenyl)piperidine;hydrate;hydrochloride","['Antidepressive Agents, Second-Generation', 'Cytochrome P-450 CYP2D6 Inhibitors', 'Selective Serotonin Reuptake Inhibitors']"
9841596,N-(4-methoxy-3-phenethoxyphenethyl)-N-propylpropan-1-amine,['Antipsychotic Agents']
9832750,Doramectin,"['Insecticides', 'Anticonvulsants', 'Anthelmintics', 'Anti-Anxiety Agents']"
9826391,"4-(N-(5-Methoxychroman-3-yl)-N-propylamino)butyl-8-azaspiro(4,5)decane-7,9-dione","['Serotonin Receptor Agonists', 'Dopamine Agonists', 'Anti-Anxiety Agents']"
9800501,Paroxetine Acetate,"['Antidepressive Agents, Second-Generation', 'Cytochrome P-450 CYP2D6 Inhibitors', 'Selective Serotonin Reuptake Inhibitors']"
9800068,WY 45233 succinate,"['Antidepressive Agents', 'Serotonin and Noradrenaline Reuptake Inhibitors']"
9795678,Phencyclidine hydrochloride,"['Hallucinogens', 'Enzyme Inhibitors', 'Excitatory Amino Acid Antagonists']"
9576737,Clovoxamine fumarate,"['Serotonin Antagonists', 'Antidepressive Agents']"
9560989,Fluvoxamine Maleate,"['Anti-Anxiety Agents', 'Antidepressive Agents, Second-Generation', 'Cytochrome P-450 CYP1A2 Inhibitors', 'Cytochrome P-450 CYP2C19 Inhibitors', 'Selective Serotonin Reuptake Inhibitors']"
9551611,Mesocarb,"['Sympathomimetics', 'Central Nervous System Stimulants', 'Anticonvulsants', 'Antidepressive Agents']"
7048810,Levotofisopam,['Antidepressive Agents']
6923516,(2S)-2-azaniumyl-3-(1H-indol-3-yl)propanoate,[]
6918314,Vilazodone,"['Serotonin 5-HT1 Receptor Agonists', 'Antidepressive Agents', 'Selective Serotonin Reuptake Inhibitors']"
6918313,Vilazodone Hydrochloride,"['Serotonin 5-HT1 Receptor Agonists', 'Antidepressive Agents', 'Selective Serotonin Reuptake Inhibitors']"
6918224,Seroquel,"['Antidepressive Agents', 'Antipsychotic Agents']"
6917977,Flesinoxan hydrochloride,"['Serotonin Receptor Agonists', 'Antidepressive Agents', 'Antihypertensive Agents', 'Anti-Anxiety Agents']"
6917970,l-Stepholidine,"['Calcium Channel Blockers', 'Dopamine Agonists', 'Dopamine Antagonists', 'Antipsychotic Agents']"
6917875,Asenapine Maleate,['Antipsychotic Agents']
6917853,Loprazolam mesylate,['Anti-Anxiety Agents']
6917789,Bifemelane hydrochloride,['Antidepressive Agents']
6917787,Dapiprazole Hydrochloride,"['Adrenergic alpha-Antagonists', 'Antipsychotic Agents']"
6917779,Levomilnacipran,"['Antidepressive Agents', 'Serotonin and Noradrenaline Reuptake Inhibitors']"
6917778,Levomilnacipran Hydrochloride,"['Antidepressive Agents', 'Serotonin and Noradrenaline Reuptake Inhibitors']"
6852400,(+)-Butaclamol hydrochloride,"['Dopamine Antagonists', 'Antipsychotic Agents']"
6850568,CID 6850568,[]
6603149,Protriptyline Hydrochloride,"['Adrenergic Uptake Inhibitors', 'Antidepressive Agents, Tricyclic']"
6602611,Prolixin,"['Dopamine Antagonists', 'Antipsychotic Agents']"
6537147,"(3S,4R)-3-(1,3-benzodioxol-5-yloxymethyl)-4-(4-fluorophenyl)piperidine;(E)-but-2-enedioic acid",[]
6451144,Esmirtazapine maleate,"['Anti-Anxiety Agents', 'Adrenergic alpha-2 Receptor Antagonists', 'Antidepressive Agents', 'Serotonin 5-HT3 Receptor Antagonists', 'Histamine H1 Antagonists', 'Serotonin 5-HT2 Receptor Antagonists']"
6450313,Clopenthixol decanoate,['Antipsychotic Agents']
6444542,Perazine maleate,"['Dopamine Antagonists', 'Antipsychotic Agents']"
6440510,"(R,R)-asenapine maleate",[]
6438165,Deramciclane fumarate,"['Serotonin Antagonists', 'Anticonvulsants', 'Anti-Anxiety Agents']"
6437872,Norzimeldine,['Antidepressive Agents']
6436640,Zuclopenthixol acetate,['Antipsychotic Agents']
6436253,CID 6436253,[]
6436133,"(1'R,2R,3S,4'S,6S,8'R,10'E,13'S,14'E,16'E,20'R,21'R,24'S)-2-cyclohexyl-21',24'-dihydroxy-12'-[(2R,4S,6S)-5-[(2S,4S,5S,6S)-5-hydroxy-4-methoxy-6-methyloxan-2-yl]oxy-4-methoxy-6-methyloxan-2-yl]oxy-3,11',13',22'-tetramethylspiro[2,3-dihydropyran-6,6'-3,7,19-trioxatetracyclo[15.6.1.14,8.020,24]pentacosa-10,14,16,22-tetraene]-2'-one","['Insecticides', 'Anticonvulsants', 'Anthelmintics', 'Anti-Anxiety Agents']"
6436057,Buccastem,"['Antiemetics', 'Dopamine Antagonists', 'Antipsychotic Agents']"
6435921,Paroxetine maleate,"['Antidepressive Agents, Second-Generation', 'Cytochrome P-450 CYP2D6 Inhibitors', 'Selective Serotonin Reuptake Inhibitors']"
6434754,Desmethyldoxepin hydrochloride,"['Antidepressive Agents, Tricyclic']"
6434100,Flupentixol decanoate,"['Tranquilizing Agents', 'Dopamine Antagonists']"
6433351,(E)-Desmethyldoxepin,"['Antidepressive Agents, Tricyclic']"
6426925,Dectomax,"['Insecticides', 'Anticonvulsants', 'Anthelmintics', 'Anti-Anxiety Agents']"
6420038,Acepromazine Maleate,"['Dopamine Antagonists', 'Antipsychotic Agents']"
6420022,Dosulepin hydrochloride,"['Adrenergic Uptake Inhibitors', 'Antidepressive Agents, Tricyclic']"
6419921,Doxepin Hydrochloride,"['Antidepressive Agents, Tricyclic', 'Histamine Antagonists', 'Sleep Aids, Pharmaceutical']"
6410797,"4-Morpholineethanamine, N-(4-methyl-6-phenyl-3-pyridazinyl)-, monohydrochloride",['Antidepressive Agents']
6335903,Clovoxamine,"['Serotonin Antagonists', 'Antidepressive Agents']"
6314395,CID 6314395,[]
5702242,Quipazine maleate,"['Serotonin Receptor Agonists', 'Antidepressive Agents, Second-Generation', 'Oxytocics']"
5702214,Tiapride hydrochloride,"['Dopamine Antagonists', 'Antipsychotic Agents']"
5486971,Pregabalin,"['Anticonvulsants', 'Calcium Channel Blockers', 'Analgesics', 'Anti-Anxiety Agents']"
5477380,Piflutixolum,['Antipsychotic Agents']
5476753,Anatran,[]
5464200,2-[(Z)-[1-(4-chlorophenyl)-5-methoxypentylidene]amino]oxyethanamine,"['Serotonin Antagonists', 'Antidepressive Agents']"
5384200,Midazolam maleate,"['Anti-Anxiety Agents', 'Adjuvants, Anesthesia', 'Anesthetics, Intravenous', 'GABA Modulators', 'Hypnotics and Sedatives']"
5378630,Nomelidine,['Antidepressive Agents']
5372683,Sordinol,"['Dopamine Antagonists', 'Antipsychotic Agents']"
5369129,Neuronica,"['Anticonvulsants', 'Anti-Anxiety Agents']"
5361323,CID 5361323,[]
5358812,Methiothepin maleate,"['Serotonin Antagonists', 'Antipsychotic Agents']"
5353833,Desmethyldoxepin,"['Antidepressive Agents, Tricyclic']"
5324346,Fluvoxamine,"['Anti-Anxiety Agents', 'Antidepressive Agents, Second-Generation', 'Cytochrome P-450 CYP1A2 Inhibitors', 'Cytochrome P-450 CYP2C19 Inhibitors', 'Selective Serotonin Reuptake Inhibitors']"
5311507,Zuclopenthixol,"['Dopamine Antagonists', 'Antipsychotic Agents']"
5311403,(2R)-2-[(S)-(2-ethoxyphenoxy)-phenylmethyl]morpholine,[]
5311360,Piflutixol,['Antipsychotic Agents']
5311346,"(4aR,10bR)-rel-4-Propyl-2,3,4,4a,5,10b-hexahydrochromeno[4,3-b][1,4]oxazin-9-ol","['Dopamine Agonists', 'Antipsychotic Agents']"
5311200,"3-((4-(4-Chlorophenyl)piperazin-1-yl)methyl)-1H-pyrrolo[2,3-b]pyridine","['Dopamine Agonists', 'Dopamine Antagonists', 'Antipsychotic Agents']"
5311023,"(2R)-5-(diaminomethylideneamino)-2-[(2,2-diphenylacetyl)amino]-N-[(4-hydroxyphenyl)methyl]pentanamide",['Anti-Anxiety Agents']
5284592,Nabilone,"['Antiemetics', 'Anti-Anxiety Agents']"
5284550,Dosulepin,"['Adrenergic Uptake Inhibitors', 'Antidepressive Agents, Tricyclic']"
5282487,Paroxetine hydrochloride hemihydrate,"['Antidepressive Agents, Second-Generation', 'Cytochrome P-450 CYP2D6 Inhibitors', 'Selective Serotonin Reuptake Inhibitors']"
5282483,Flupentixol dihydrochloride,"['Dopamine Antagonists', 'Antipsychotic Agents']"
5282426,Dothiepin,"['Adrenergic Uptake Inhibitors', 'Antidepressive Agents, Tricyclic']"
5282425,Prothiaden,"['Adrenergic Uptake Inhibitors', 'Antidepressive Agents, Tricyclic']"
5282417,Perazine Dimaleate,"['Dopamine Antagonists', 'Antipsychotic Agents']"
5282318,Trimipramine Maleate,"['Adrenergic Uptake Inhibitors', 'Antidepressive Agents, Tricyclic']"
5281881,Flupentixol,"['Dopamine Antagonists', 'Antipsychotic Agents']"
5281878,trans-Flupentixol,"['Dopamine Antagonists', 'Antipsychotic Agents']"
5281565,Kavain,"['Anticonvulsants', 'Anti-Anxiety Agents']"
5281088,Cidoxepin hydrochloride,"['Antidepressive Agents, Tricyclic', 'Histamine Antagonists', 'Antifungal Agents', 'Sleep Aids, Pharmaceutical']"
5281051,CID 5281051,[]
5281032,Prochlorperazine Maleate,"['Antiemetics', 'Dopamine Antagonists', 'Antipsychotic Agents']"
5281025,Quetiapine Fumarate,"['Antidepressive Agents', 'Antipsychotic Agents']"
5280953,Harmine,"['Hallucinogens', 'Monoamine Oxidase Inhibitors']"
4715169,3-(Aminomethyl)-5-methylhexanoic acid,"['Anticonvulsants', 'Calcium Channel Blockers', 'Analgesics', 'Anti-Anxiety Agents']"
3549980,Valproate,"['Anticonvulsants', 'GABA Agents', 'Enzyme Inhibitors', 'Antimanic Agents']"
3272524,"2,3-Dioxo-6-nitro-7-sulfamoylbenzo(f)quinoxaline","['Anticonvulsants', 'Excitatory Amino Acid Antagonists', 'Anti-Anxiety Agents']"
3086514,BMY 14802 hydrochloride,['Anti-Anxiety Agents']
3085218,Esmirtazapine,"['Anti-Anxiety Agents', 'Adrenergic alpha-2 Receptor Antagonists', 'Antidepressive Agents', 'Serotonin 5-HT3 Receptor Antagonists', 'Histamine H1 Antagonists', 'Serotonin 5-HT2 Receptor Antagonists']"
3082221,Sultopride hydrochloride,"['Antidepressive Agents, Second-Generation', 'Dopamine Antagonists', 'Antipsychotic Agents']"
3080646,Librax,"['Muscarinic Antagonists', 'Anti-Anxiety Agents', 'Cholinergic Antagonists']"
3045275,Trimipramine Mesylate,"['Adrenergic Uptake Inhibitors', 'Antidepressive Agents, Tricyclic']"
3037161,Dimoxamine,['Hallucinogens']
3037160,Dimoxamine hydrochloride,['Hallucinogens']
3036780,"(R,R)-asenapine",['Antipsychotic Agents']
3036246,Alazocine,['Antipsychotic Agents']
3035192,Dtgammae,['Antidepressive Agents']
3033860,Loprazolam,['Anti-Anxiety Agents']
3033769,Raclopride,"['Dopamine Antagonists', 'Antipsychotic Agents']"
3033538,Dapiprazole,"['Adrenergic alpha-Antagonists', 'Antipsychotic Agents']"
3033151,Timiperone,"['Antiemetics', 'Antipsychotic Agents']"
3032886,Flupenthixol decanote,"['Tranquilizing Agents', 'Dopamine Antagonists']"
3025961,2-Methyl-6-(phenylethynyl)pyridine,"['Excitatory Amino Acid Antagonists', 'Anti-Anxiety Agents']"
3022645,2-[(2-Ethoxyphenoxy)-phenylmethyl]morpholine,[]
3012003,Femoxetine,"['Anti-Infective Agents', 'Antidepressive Agents', 'Selective Serotonin Reuptake Inhibitors']"
3002337,"4-Amino-2-hydroxy-benzoic acid; 1,3-bis(4-isopentyloxyphenyl)thiourea",[]
2913535,Eskazine,"['Antiemetics', 'Dopamine Antagonists', 'Antipsychotic Agents']"
969488,D-Tetrahydropalmatine,"['Adrenergic Agents', 'Antihypertensive Agents', 'Anti-Arrhythmia Agents', 'Dopamine Antagonists', 'Calcium Channel Blockers', 'Analgesics, Non-Narcotic', 'Antipsychotic Agents']"
941651,Thiothixene,"['Dopamine Antagonists', 'Antipsychotic Agents']"
667477,Doxepin,"['Antidepressive Agents, Tricyclic', 'Histamine Antagonists', 'Sleep Aids, Pharmaceutical']"
667468,Cidoxepin,"['Antidepressive Agents, Tricyclic', 'Histamine Antagonists', 'Sleep Aids, Pharmaceutical']"
667467,Chlorprothixene,"['Dopamine Antagonists', 'Antipsychotic Agents']"
667466,"(3E)-3-(2-chloro-9H-thioxanthen-9-ylidene)-N,N-dimethylpropan-1-amine","['Dopamine Antagonists', 'Antipsychotic Agents']"
657361,"3-(2-chlorophenothiazin-10-yl)-N,N-dimethylpropan-1-amine;hydron;chloride",[]
657213,Aldazine,"['Dopamine Antagonists', 'Antipsychotic Agents']"
475100,9-Hydroxy-risperidone,"['Dopamine D2 Receptor Antagonists', 'Serotonin 5-HT2 Receptor Antagonists', 'Antipsychotic Agents']"
443945,Dibenzepin hydrochloride,"['Antidepressive Agents, Tricyclic']"
442108,12-Methoxyibogamine,"['Hallucinogens', 'Excitatory Amino Acid Antagonists']"
441358,Nortriptyline Hydrochloride,"['Adrenergic Uptake Inhibitors', 'Antidepressive Agents, Tricyclic']"
441261,"2-[2-(4-Dibenzo[b, f][1,4]thiazepin-11-ylpiperazin-1-yl)ethoxy]ethanol hemifumarate","['Antidepressive Agents', 'Antipsychotic Agents']"
441233,(1R)-2-phenylcyclopropan-1-amine,"['Antidepressive Agents', 'Monoamine Oxidase Inhibitors', 'Anti-Anxiety Agents']"
439280,Oxitriptan,"['Antidepressive Agents, Second-Generation']"
433294,Lithium Chloride,"['Adjuvants, Immunologic', 'Antimanic Agents']"
363272,"Ibogamine, 12-methoxy-","['Hallucinogens', 'Excitatory Amino Acid Antagonists']"
317505,(-)-Ibogaine,"['Hallucinogens', 'Excitatory Amino Acid Antagonists']"
270840,"3,21-Dihydroxypregnan-20-one","['Anesthetics', 'Neurosteroids', 'Anti-Anxiety Agents']"
219099,Ziprasidone Hydrochloride,"['Serotonin Antagonists', 'Dopamine Antagonists', 'Antipsychotic Agents']"
219077,Osanetant,['Antipsychotic Agents']
213981,"2-Propanone, 1-(10,11-dihydro-5H-dibenzo(a,d)cyclohepten-5-ylidene)-3-(dimethylamino)-, monohydrochloride",['Antidepressive Agents']
213056,Eglumetad,"['Anti-Anxiety Agents', 'Excitatory Amino Acid Agonists']"
213046,Lurasidone,"['Adrenergic alpha-2 Receptor Antagonists', 'Dopamine D2 Receptor Antagonists', 'Serotonin 5-HT2 Receptor Antagonists', 'Antipsychotic Agents']"
204105,Dextofisopam,['Antidepressive Agents']
202484,"8-Azaspiro(4.5)decane-7,9-dione, 8-(4-(((3R)-3,4-dihydro-5-methoxy-2H-1-benzopyran-3-yl)propylamino)butyl)-, monohydrochloride","['Serotonin Receptor Agonists', 'Dopamine Agonists', 'Anti-Anxiety Agents']"
200954,Phenylcyclidine hydrobromide,"['Hallucinogens', 'Enzyme Inhibitors', 'Excitatory Amino Acid Antagonists']"
199956,Perazine Dihydrochloride,"['Dopamine Antagonists', 'Antipsychotic Agents']"
198375,Maprotiline Mesylate,"['Adrenergic Uptake Inhibitors', 'Antidepressive Agents, Second-Generation']"
197060,Ibogaine,"['Hallucinogens', 'Excitatory Amino Acid Antagonists']"
178132,Alnespirone,"['Serotonin Receptor Agonists', 'Dopamine Agonists', 'Anti-Anxiety Agents']"
171544,CID 171544,[]
171500,Femoxetine hydrochloride,"['Anti-Infective Agents', 'Antidepressive Agents', 'Selective Serotonin Reuptake Inhibitors']"
171003,Limbritol,"['Antidepressive Agents, Tricyclic', 'Anti-Anxiety Agents']"
169885,"1-(2,5-Dimethoxy-4-methylphenyl)butan-2-amine hydrochloride",[]
167305,Clorazepate Dipotassium,"['GABA Modulators', 'Anticonvulsants', 'Anti-Anxiety Agents']"
165659,Longopax,['Antipsychotic Agents']
163701,Milnacipran Hydrochloride,"['Serotonin and Noradrenaline Reuptake Inhibitors', 'Analgesics, Non-Narcotic']"
163122,(2S-(2R*(R*(R*))))-N-(2-(4-(Aminocarbonyl)-3-thiazolidinyl)-1-(1H-imidazol-4-ylmethyl)-2-oxoethyl)-6-oxopiperidine-2-carboxamide,['Antidepressive Agents']
163091,Asenapine,['Antipsychotic Agents']
158856,Carbamazepine dihydrate,"['Sodium Channel Blockers', 'Cytochrome P-450 CYP3A Inducers', 'Antimanic Agents', 'Anticonvulsants', 'Analgesics, Non-Narcotic']"
156883,"L-Prolinamide, N-((tetrahydro-5-oxo-2-furanyl)carbonyl)-L-histidyl-, 2-hydroxy-1,2,3-propanetricarboxylate (1:1)","['Anticonvulsants', 'Antipsychotic Agents']"
156665,Eglumetad monohydrate,"['Anti-Anxiety Agents', 'Excitatory Amino Acid Agonists']"
156333,Nemonapride,"['Dopamine Antagonists', 'Antipsychotic Agents']"
156321,Bromperidol decanoate,['Antipsychotic Agents']
147515,Magnesium valproate,"['Anticonvulsants', 'GABA Agents', 'Enzyme Inhibitors', 'Antimanic Agents']"
146571,Escitalopram Oxalate,['Selective Serotonin Reuptake Inhibitors']
146570,Escitalopram,['Selective Serotonin Reuptake Inhibitors']
135236,p-Methoxyamphetamine hydrochloride,['Hallucinogens']
134973,"2,8-dimethyl-2,3,4,4a,5,9b-hexahydro-1H-pyrido[4,3-b]indole dihydrochloride","['Teratogens', 'Antimutagenic Agents', 'Anti-Arrhythmia Agents', 'Antipsychotic Agents', 'Antioxidants']"
128563,Salvinorin A,['Hallucinogens']
127151,Reboxetine,"['Adrenergic Uptake Inhibitors', 'Antidepressive Agents']"
127150,Reboxetine mesylate,"['Adrenergic Uptake Inhibitors', 'Antidepressive Agents']"
125017,Desvenlafaxine,"['Antidepressive Agents', 'Serotonin and Noradrenaline Reuptake Inhibitors']"
123700,Ethyl 5-benzyloxy-4-methoxymethyl-beta-carboline-3-carboxylate,"['Anticonvulsants', 'Anti-Anxiety Agents']"
122282,Mebicar,"['Analgesics', 'Anti-Anxiety Agents']"
122118,4((2-((3-(1H-Indol-3-yl)-2-methyl-1-oxo-2-(((1.7.7-trimethylbicyclo(2.2.1)hept-2-yl)oxy)carbonyl)amino)propyl)amino)-1-phenylethyl)amino-4-oxobutanoate N-methyl-D-glucamine,['Anti-Anxiety Agents']
121967,"Ethanone, 2-(1-(cyclopropylmethyl)-4-piperidinyl)-1-(4-fluorophenyl)-, hydrobromide","['Serotonin Antagonists', 'Anti-Arrhythmia Agents', 'Antipsychotic Agents']"
121926,6-Benzyloxy-4-methoxymethyl-beta-carboline-3-carboxylic acid ethyl ester,"['Anticonvulsants', 'Anti-Anxiety Agents']"
121903,Piquindone,['Antipsychotic Agents']
121852,"8-[4-[Propyl(5-methoxychroman-3-yl)amino]butyl]-8-azaspiro[4.5]decane-7,9-dione",[]
121851,Alnespiron,"['Serotonin Receptor Agonists', 'Dopamine Agonists', 'Anti-Anxiety Agents']"
121249,2-Hydroxydesipramine,"['Antidepressive Agents, Tricyclic']"
119590,Deramciclane,"['Serotonin Antagonists', 'Anticonvulsants', 'Anti-Anxiety Agents']"
119381,"N,N-diethyl-2-[4-methoxy-3-(2-phenylethoxy)phenyl]ethanamine;hydrochloride",[]
119380,3-Methyl-5-(1-methyl-2-pyrrolidinyl)isoxazole,['Anti-Anxiety Agents']
115368,Perospirone,['Antipsychotic Agents']
115367,Perospirone hydrochloride,['Antipsychotic Agents']
115237,Paliperidone,"['Dopamine D2 Receptor Antagonists', 'Serotonin 5-HT2 Receptor Antagonists', 'Antipsychotic Agents']"
115199,N-((Tetrahydro-5-oxo-2-furanyl)carbonyl)-L-histidyl-L-prolinamide,"['Anticonvulsants', 'Antipsychotic Agents']"
115193,Isofloxythepin,['Antipsychotic Agents']
115141,Pirlindole hydrochloride,"['Antineoplastic Agents', 'Antidepressive Agents', 'Monoamine Oxidase Inhibitors']"
115107,"(4aS,10bS)-4-propyl-3,4a,5,10b-tetrahydro-2H-chromeno[4,3-b][1,4]oxazin-9-ol","['Dopamine Agonists', 'Antipsychotic Agents']"
114890,"Hexadecanoic acid--2,4a,8,9b-tetramethyl-2,3,4,4a,5,9b-hexahydro-1H-pyrido[4,3-b]indole (1/1)",[]
114827,"2-Aminobicyclo[3.1.0]hexane-2,6-dicarboxylic acid","['Anti-Anxiety Agents', 'Excitatory Amino Acid Agonists']"
108187,4-[[(1R)-2-[[(2R)-2-(2-adamantyloxycarbonylamino)-3-(1H-indol-3-yl)-2-methylpropanoyl]amino]-1-phenylethyl]amino]-4-oxobutanoic acid,"['Antineoplastic Agents', 'Hormone Antagonists', 'Anti-Anxiety Agents']"
108186,"4-[[(1R)-2-[[(2R)-2-(2-Adamantyloxycarbonylamino)-3-(1H-indol-3-yl)-2-methylpropanoyl]amino]-1-phenylethyl]amino]-4-oxobutanoic acid;(2R,3R,4R,5S)-6-(methylamino)hexane-1,2,3,4,5-pentol","['Antineoplastic Agents', 'Hormone Antagonists', 'Anti-Anxiety Agents']"
108089,Stobadine,"['Antioxidants', 'Teratogens', 'Antimutagenic Agents', 'Anti-Arrhythmia Agents', 'Antipsychotic Agents']"
108088,"cis-(-)-2,3,4,4a,5,9b-Hexahydro-2,8-dimethyl-1H-pyrido(4,3-b)indole dihydrochloride","['Teratogens', 'Antimutagenic Agents', 'Anti-Arrhythmia Agents', 'Antipsychotic Agents', 'Antioxidants']"
108046,alpha-(4-Fluorophenyl)-4-(5-fluoro-2-pyrimidinyl)-1-piperazine butanol,['Anti-Anxiety Agents']
107950,"3-Methyl-6-[3-(trifluoromethyl)phenyl]-[1,2,4]triazolo[4,3-b]pyridazine",['Anti-Anxiety Agents']
107930,Ecopipam,"['Dopamine Antagonists', 'Antipsychotic Agents']"
107335,2-(4-Amino-2-chlorophenyl)-2-phenylacetonitrile,[]
104870,Talipexole dihydrochloride,"['Antidepressive Agents', 'Dopamine Agonists', 'Adrenergic alpha-Agonists']"
102773,Fencamfamine hydrochloride,"['Central Nervous System Stimulants', 'Antipsychotic Agents']"
101771,"3alpha,21-Dihydroxy-5alpha-pregnan-20-one","['Anesthetics', 'Neurosteroids', 'Anti-Anxiety Agents']"
101726,Eldoral,"['Adrenergic Uptake Inhibitors', 'Antidepressive Agents, Tricyclic']"
91499,Prochlorperazine Edisylate,"['Antiemetics', 'Dopamine Antagonists', 'Antipsychotic Agents']"
91273,Tandospirone,"['Serotonin Receptor Agonists', 'Anti-Anxiety Agents']"
88747,2-(1-Piperazinyl)pyrimidine,"['Adrenergic alpha-Antagonists', 'Anti-Anxiety Agents']"
86480,Calcium valproate,"['Anticonvulsants', 'GABA Agents', 'Enzyme Inhibitors', 'Antimanic Agents']"
85875,"2,5-Dimethoxy-4-methylamphetamine","['Serotonin Receptor Agonists', 'Hallucinogens']"
85874,"2,5-Dimethoxy-4-methylamphetamine hydrochloride","['Serotonin Receptor Agonists', 'Hallucinogens']"
72303,Honokiol,"['Central Nervous System Depressants', 'Anti-Anxiety Agents', 'Gastrointestinal Agents', 'Antineoplastic Agents, Phytogenic', 'Anti-Arrhythmia Agents', 'Anti-Infective Agents', 'Anti-Allergic Agents', 'Enzyme Inhibitors']"
72301,Tetrahydropalmatine,"['Adrenergic Agents', 'Antihypertensive Agents', 'Anti-Arrhythmia Agents', 'Dopamine Antagonists', 'Calcium Channel Blockers', 'Analgesics, Non-Narcotic', 'Antipsychotic Agents']"
72287,Levomepromazine,"['Analgesics, Non-Narcotic', 'Dopamine Antagonists', 'Antipsychotic Agents']"
72155,Zetidoline,"['Parasympatholytics', 'Antipsychotic Agents']"
71987,Indorenate,"['Serotonin Receptor Agonists', 'Antihypertensive Agents', 'Anti-Anxiety Agents']"
71986,Indorenate Hydrochloride,"['Serotonin Receptor Agonists', 'Antihypertensive Agents', 'Anti-Anxiety Agents']"
71935,Cotriptyline,['Antidepressive Agents']
71587,Opipramol dihydrochloride,"['Adrenergic Uptake Inhibitors', 'Antidepressive Agents, Tricyclic']"
71478,Maprotiline Hydrochloride,"['Adrenergic Uptake Inhibitors', 'Antidepressive Agents, Second-Generation']"
71424,Viloxazine Hydrochloride,"['Adrenergic Uptake Inhibitors', 'Antidepressive Agents, Second-Generation']"
71416,Zolazepam Hydrochloride,"['GABA Modulators', 'Anti-Anxiety Agents']"
71400,Loxapine Hydrochloride,"['Dopamine Antagonists', 'Antipsychotic Agents']"
71399,Loxapine Succinate,"['Dopamine Antagonists', 'Antipsychotic Agents']"
71346,Binospirone mesylate,"['Serotonin Antagonists', 'Serotonin Receptor Agonists', 'Anti-Anxiety Agents']"
71285,MDMA hydrochloride,"['Adrenergic Uptake Inhibitors', 'Hallucinogens', 'Serotonin Agents']"
71187,Ipsapirone hydrochloride,"['Serotonin Receptor Agonists', 'Anti-Anxiety Agents']"
71172,Oxprenolol Hydrochloride,"['Vasodilator Agents', 'Sympatholytics', 'Anti-Anxiety Agents', 'Antihypertensive Agents', 'Anti-Arrhythmia Agents', 'Adrenergic beta-Antagonists']"
68870,Tianeptine,"['Antidepressive Agents, Tricyclic']"
68802,Pirlindole,"['Antineoplastic Agents', 'Antidepressive Agents', 'Monoamine Oxidase Inhibitors']"
68714,2-[1-[3-[6-Fluoro-2-(trifluoromethyl)thioxanthen-9-ylidene]propyl]piperidin-4-yl]ethanol,['Antipsychotic Agents']
68647,Ondansetron Hydrochloride,"['Antipruritics', 'Antiemetics', 'Serotonin 5-HT3 Receptor Antagonists']"
68617,Sertraline,"['Antidepressive Agents', 'Selective Serotonin Reuptake Inhibitors']"
68551,Mianserin hydrochloride,"['Serotonin Antagonists', 'Adrenergic alpha-Antagonists', 'Antidepressive Agents, Second-Generation', 'Histamine H1 Antagonists']"
68539,Clomipramine Hydrochloride,"['Antidepressive Agents, Tricyclic', 'Selective Serotonin Reuptake Inhibitors']"
67356,Fluphenazine Hydrochloride,"['Dopamine Antagonists', 'Antipsychotic Agents']"
66448,Benactyzine hydrochloride,"['Antidepressive Agents', 'Parasympatholytics', 'Muscarinic Antagonists']"
66064,Trifluoperazine Hydrochloride,"['Antiemetics', 'Dopamine Antagonists', 'Antipsychotic Agents']"
66062,Thioridazine Hydrochloride,"['Dopamine Antagonists', 'Antipsychotic Agents']"
65914,Abecarnil,"['Anticonvulsants', 'Anti-Anxiety Agents']"
65856,Esreboxetine,[]
65833,Milnacipran,"['Serotonin and Noradrenaline Reuptake Inhibitors', 'Analgesics, Non-Narcotic']"
65700,Metapramine,"['Antidepressive Agents, Tricyclic']"
65684,Dicarbine,"['Teratogens', 'Antimutagenic Agents', 'Anti-Arrhythmia Agents', 'Antipsychotic Agents', 'Antioxidants']"
65327,Desipramine hydrochloride,"['Adrenergic Uptake Inhibitors', 'Enzyme Inhibitors', 'Antidepressive Agents, Tricyclic']"
64765,Sibutramine hydrochloride monohydrate,"['Appetite Depressants', 'Antidepressive Agents']"
64764,Sibutramine Hydrochloride,"['Appetite Depressants', 'Antidepressive Agents']"
63009,Sertraline Hydrochloride,"['Antidepressive Agents', 'Selective Serotonin Reuptake Inhibitors']"
62935,Trazodone Hydrochloride,"['Antidepressive Agents, Second-Generation', 'Anti-Anxiety Agents', 'Selective Serotonin Reuptake Inhibitors']"
62923,Venlafaxine Hydrochloride,"['Antidepressive Agents, Second-Generation', 'Serotonin and Noradrenaline Reuptake Inhibitors']"
62884,Bupropion Hydrochloride,"['Antidepressive Agents, Second-Generation', 'Cytochrome P-450 CYP2D6 Inhibitors', 'Smoking Cessation Agents', 'Dopamine Uptake Inhibitors']"
62878,Paroxetine hydrochloride,"['Antidepressive Agents, Second-Generation', 'Cytochrome P-450 CYP2D6 Inhibitors', 'Selective Serotonin Reuptake Inhibitors']"
62857,Fluoxetine Hydrochloride,"['Antidepressive Agents, Second-Generation', 'Cytochrome P-450 CYP2D6 Inhibitors', 'Selective Serotonin Reuptake Inhibitors']"
62065,Brolamfetamine,"['Hallucinogens', 'Serotonin Receptor Agonists']"
61100,Phenelzine Sulfate,"['Antidepressive Agents', 'Monoamine Oxidase Inhibitors']"
60854,Ziprasidone,"['Serotonin Antagonists', 'Dopamine Antagonists', 'Antipsychotic Agents']"
60853,Ziprasidone hydrochloride monohydrate,"['Serotonin Antagonists', 'Dopamine Antagonists', 'Antipsychotic Agents']"
60835,Duloxetine,"['Serotonin and Noradrenaline Reuptake Inhibitors', 'Dopamine Agents', 'Antidepressive Agents', 'Analgesics']"
60834,Duloxetine Hydrochloride,"['Analgesics', 'Dopamine Agents', 'Antidepressive Agents', 'Serotonin and Noradrenaline Reuptake Inhibitors']"
60795,Aripiprazole,"['Antidepressive Agents', 'Serotonin 5-HT1 Receptor Agonists', 'Dopamine D2 Receptor Antagonists', 'Dopamine Agonists', 'Serotonin 5-HT2 Receptor Antagonists', 'Antipsychotic Agents']"
60785,Fananserin,"['Serotonin Antagonists', 'Dopamine Agonists', 'Antipsychotic Agents']"
60558,Tandospirone citrate,"['Serotonin Receptor Agonists', 'Anti-Anxiety Agents']"
60149,Sertindole,['Antipsychotic Agents']
59774,Ondansetron hydrochloride dihydrate,"['Antipruritics', 'Antiemetics', 'Serotonin 5-HT3 Receptor Antagonists']"
57347,Flesinoxan,"['Serotonin Receptor Agonists', 'Antidepressive Agents', 'Antihypertensive Agents', 'Anti-Anxiety Agents']"
56971,Ipsapirone,"['Serotonin Receptor Agonists', 'Anti-Anxiety Agents']"
55191,Gepirone,"['Serotonin Receptor Agonists', 'Antidepressive Agents', 'Anti-Anxiety Agents']"
55190,Gepirone hydrochloride,"['Serotonin Receptor Agonists', 'Antidepressive Agents', 'Anti-Anxiety Agents']"
54911,Nefazodone Hydrochloride,"['Serotonin and Noradrenaline Reuptake Inhibitors', 'Antidepressive Agents, Second-Generation', 'Serotonin 5-HT2 Receptor Antagonists']"
54897,Alpidem,['Anti-Anxiety Agents']
54477,Remoxipride,"['Dopamine Antagonists', 'Antipsychotic Agents']"
53511,Levoprotiline,['Antidepressive Agents']
53389,Rimcazole,"['Anticonvulsants', 'Neuroprotective Agents', 'Antipsychotic Agents']"
53388,Rimcazole hydrochloride,[]
52919,Haloperidol Decanoate,['Antipsychotic Agents']
49381,Fluperlapine,['Antipsychotic Agents']
47979,Veralipride,['Antipsychotic Agents']
47517,Indeloxazine hydrochloride,"['Anticonvulsants', 'Antidepressive Agents']"
44668,Indalpine,"['Antidepressive Agents', 'Selective Serotonin Reuptake Inhibitors']"
43962,Alnert,['Antidepressive Agents']
43815,Paroxetine,"['Antidepressive Agents, Second-Generation', 'Cytochrome P-450 CYP2D6 Inhibitors', 'Selective Serotonin Reuptake Inhibitors']"
43032,Midazolam Hydrochloride,"['Anti-Anxiety Agents', 'Adjuvants, Anesthesia', 'Anesthetics, Intravenous', 'GABA Modulators', 'Hypnotics and Sedatives']"
40903,Suriclone,['Anti-Anxiety Agents']
39860,"1-hydroxy-6,6-dimethyl-3-(2-methyloctan-2-yl)-7,8,10,10a-tetrahydro-6aH-benzo[c]chromen-9-one","['Antiemetics', 'Anti-Anxiety Agents']"
38207,Oxaprotiline,['Antidepressive Agents']
37632,Adinazolam,['Antidepressive Agents']
37461,(+)-Butaclamol,"['Dopamine Antagonists', 'Antipsychotic Agents']"
37460,Butaclamol hydrochloride,"['Dopamine Antagonists', 'Antipsychotic Agents']"
37459,Butaclamol,"['Dopamine Antagonists', 'Antipsychotic Agents']"
37368,Flurazepam monohydrochloride,"['GABA Modulators', 'Hypnotics and Sedatives', 'Anti-Anxiety Agents']"
37274,Etazolate hydrochloride,"['Phosphodiesterase Inhibitors', 'Antipsychotic Agents']"
36431,Buspirone Hydrochloride,"['Serotonin Receptor Agonists', 'Anti-Anxiety Agents']"
35775,Zolazepam,"['GABA Modulators', 'Anti-Anxiety Agents']"
34521,Toloxatone,"['Antidepressive Agents', 'Monoamine Oxidase Inhibitors']"
33746,Ketazolam,['Anti-Anxiety Agents']
33630,Penfluridol,"['Dopamine Antagonists', 'Antipsychotic Agents']"
33611,Lofepramine hydrochloride,"['Antidepressive Agents, Tricyclic']"
33254,Minaprine dihydrochloride,['Antidepressive Agents']
31765,Sulforidazine,"['Antidepressive Agents', 'Antipsychotic Agents']"
31721,4-Methoxyamphetamine,['Hallucinogens']
31640,Halazepam,['Anti-Anxiety Agents']
30768,CID 30768,[]
27400,Pizotifen,"['Serotonin Antagonists', 'Antidepressive Agents', 'Analgesics, Non-Narcotic']"
26070,"(1S,2R)-2-phenylcyclopropanamine","['Antidepressive Agents', 'Monoamine Oxidase Inhibitors', 'Anti-Anxiety Agents']"
26035,Aceprometazine,"['Dopamine Antagonists', 'Antipsychotic Agents']"
25382,Melitracen,"['Antidepressive Agents, Tricyclic']"
25381,Melitracen hydrochloride,"['Antidepressive Agents, Tricyclic']"
23897,Molindone,['Antipsychotic Agents']
23476,Defekton,['Anti-Anxiety Agents']
22576,Cyclobenzaprine Hydrochloride,"['Tranquilizing Agents', 'Antidepressive Agents, Tricyclic', 'Muscle Relaxants, Central']"
21722,Iprindole,"['Antidepressive Agents, Tricyclic']"
21087,Noxiptiline,"['Antidepressive Agents, Tricyclic']"
21086,Elronon,"['Antidepressive Agents, Tricyclic']"
19493,Tranylcypromine,"['Antidepressive Agents', 'Monoamine Oxidase Inhibitors', 'Anti-Anxiety Agents']"
19189,1-(10-(3-(Dimethylamino)propyl)-10H-phenothiazin-2-yl)ethanone maleate,[]
17182,Dixyrazine,"['Antiemetics', 'Analgesics, Non-Narcotic', 'Antipsychotic Agents']"
17012,Flupenthixol,"['Dopamine Antagonists', 'Antipsychotic Agents']"
16363,Benperidol,"['Dopamine Antagonists', 'Antipsychotic Agents']"
16362,Pimozide,"['Anti-Dyskinesia Agents', 'Dopamine Antagonists', 'Antipsychotic Agents']"
16351,Clothiapine,['Antipsychotic Agents']
15443,Azaperone,"['Hypnotics and Sedatives', 'Dopamine Antagonists', 'Antipsychotic Agents']"
15387,Melperone,['Antipsychotic Agents']
15386,Buronil,['Antipsychotic Agents']
15139,Fluanisone,"['Hypnotics and Sedatives', 'Antipsychotic Agents']"
14584,Fencamfamin,"['Central Nervous System Stimulants', 'Antipsychotic Agents']"
14434,Flurazepam Hydrochloride,"['GABA Modulators', 'Hypnotics and Sedatives', 'Anti-Anxiety Agents']"
14113,4-Amino-3-phenylbutanoic acid,"['Convulsants', 'Anticonvulsants', 'GABA Agonists', 'Tranquilizing Agents', 'Hypnotics and Sedatives']"
13727,Sernyl,"['Hallucinogens', 'Enzyme Inhibitors', 'Excitatory Amino Acid Antagonists']"
12835,5-Methoxytryptophol,['Anti-Anxiety Agents']
12454,Clopenthixol,"['Dopamine Antagonists', 'Antipsychotic Agents']"
11380,Chlorazine,"['Antiemetics', 'Dopamine Antagonists', 'Antipsychotic Agents']"
11125,Lithium Carbonate,"['Antidepressive Agents', 'Enzyme Inhibitors', 'Antimanic Agents']"
11065,Amitriptyline Hydrochloride,"['Adrenergic Uptake Inhibitors', 'Antidepressive Agents, Tricyclic', 'Analgesics, Non-Narcotic']"
10658,Angelicin,"['Intercalating Agents', 'Anticonvulsants', 'Tranquilizing Agents']"
10624,Psilocybine,['Hallucinogens']
10257,Bufotenine,"['Serotonin Antagonists', 'Hallucinogens']"
9916,Chlordiazepoxide hydrochloride,"['GABA Modulators', 'Hypnotics and Sedatives', 'Adjuvants, Anesthesia', 'Anti-Anxiety Agents']"
9419,Dibenzepin,"['Antidepressive Agents, Tricyclic']"
9417,Opipramol,"['Adrenergic Uptake Inhibitors', 'Antidepressive Agents, Tricyclic']"
9330,Benactyzine,"['Muscarinic Antagonists', 'Antidepressive Agents', 'Parasympatholytics']"
8228,Imipramine Hydrochloride,"['Adrenergic Uptake Inhibitors', 'Antidepressive Agents, Tricyclic']"
6468,Phencyclidine,"['Hallucinogens', 'Enzyme Inhibitors', 'Excitatory Amino Acid Antagonists']"
6305,Tryptophan,"['Antidepressive Agents, Second-Generation']"
6240,Chlorpromazine Hydrochloride,"['Antiemetics', 'Dopamine Antagonists', 'Antipsychotic Agents']"
6089,Dimethyltryptamine,"['Serotonin Antagonists', 'Serotonin Receptor Agonists', 'Hallucinogens']"
6077,Acepromazine,"['Dopamine Antagonists', 'Antipsychotic Agents']"
5887,Promazine Hydrochloride,"['Antiemetics', 'Dopamine Antagonists', 'Antipsychotic Agents']"
5770,Reserpine,"['Adrenergic Uptake Inhibitors', 'Antihypertensive Agents', 'Antipsychotic Agents']"
5761,Lysergide,"['Serotonin Antagonists', 'Serotonin Receptor Agonists', 'Hallucinogens']"
5736,Zotepine,['Antipsychotic Agents']
5666,Viloxazine,"['Adrenergic Uptake Inhibitors', 'Antidepressive Agents, Second-Generation']"
5656,Venlafaxine,"['Serotonin and Noradrenaline Reuptake Inhibitors', 'Antidepressive Agents, Second-Generation']"
5584,Trimipramine,"['Adrenergic Uptake Inhibitors', 'Antidepressive Agents, Tricyclic']"
5568,Triflupromazine,"['Antiemetics', 'Dopamine Antagonists', 'Antipsychotic Agents']"
5567,Trifluperidol,"['Dopamine Antagonists', 'Antipsychotic Agents']"
5566,Trifluoperazine,"['Antiemetics', 'Dopamine Antagonists', 'Antipsychotic Agents']"
5556,Triazolam,"['GABA Modulators', 'Adjuvants, Anesthesia', 'Anti-Anxiety Agents']"
5533,Trazodone,"['Selective Serotonin Reuptake Inhibitors', 'Antidepressive Agents, Second-Generation', 'Anti-Anxiety Agents']"
5530,Parnate,"['Antidepressive Agents', 'Monoamine Oxidase Inhibitors', 'Anti-Anxiety Agents']"
5502,Tofisopam,['Antidepressive Agents']
5467,Tiapride,"['Dopamine Antagonists', 'Antipsychotic Agents']"
5452,Thioridazine,"['Dopamine Antagonists', 'Antipsychotic Agents']"
5417,Rotundine,"['Adrenergic Agents', 'Antihypertensive Agents', 'Anti-Arrhythmia Agents', 'Dopamine Antagonists', 'Calcium Channel Blockers', 'Analgesics, Non-Narcotic', 'Antipsychotic Agents']"
5391,Temazepam,"['Anti-Anxiety Agents', 'Hypnotics and Sedatives', 'GABA Modulators']"
5374,Talipexole,"['Antidepressive Agents', 'Dopamine Agonists', 'Adrenergic alpha-Agonists']"
5357,Sultopride,"['Antidepressive Agents, Second-Generation', 'Dopamine Antagonists', 'Antipsychotic Agents']"
5355,Sulpiride,"['Antidepressive Agents, Second-Generation', 'Dopamine Antagonists', 'Antipsychotic Agents']"
5265,Spiperone,"['Dopamine Antagonists', 'Antipsychotic Agents']"
5210,Sibutramine,"['Appetite Depressants', 'Antidepressive Agents']"
5163,"Benzo(1,2-b:4,5-b')dipyrrole-1(2H)-carboxamide, 3,5-dihydro-5-methyl-N-3-pyridinyl-","['Serotonin Antagonists', 'Anti-Anxiety Agents']"
5117,"4-Propyl-3,4,4a,10b-tetrahydro-2h,5h-chromeno[4,3-b][1,4]oxazin-9-ol","['Dopamine Agonists', 'Antipsychotic Agents']"
5092,Rolipram,"['Antidepressive Agents', 'Phosphodiesterase 4 Inhibitors']"
5074,Ritanserin,"['Serotonin Antagonists', 'Antidepressive Agents, Second-Generation', 'Anti-Anxiety Agents', 'Antipsychotic Agents']"
5073,Risperidone,"['Serotonin Antagonists', 'Dopamine Antagonists', 'Antipsychotic Agents']"
5011,Quipazine,"['Oxytocics', 'Antidepressive Agents, Second-Generation', 'Serotonin Receptor Agonists']"
5002,Quetiapine,"['Antidepressive Agents', 'Antipsychotic Agents']"
4980,Psilocin,['Hallucinogens']
4976,Protriptyline,"['Adrenergic Uptake Inhibitors', 'Antidepressive Agents, Tricyclic']"
4926,Promazine,"['Antiemetics', 'Dopamine Antagonists', 'Antipsychotic Agents']"
4917,Prochlorperazine,"['Antiemetics', 'Dopamine Antagonists', 'Antipsychotic Agents']"
4890,Prazepam,"['GABA Modulators', 'Anti-Anxiety Agents']"
4847,Pirenperone,['Tranquilizing Agents']
4830,Pipamperone,"['Serotonin Antagonists', 'Antipsychotic Agents']"
4748,Perphenazine,"['Dopamine Antagonists', 'Antipsychotic Agents']"
4744,Perazine,"['Dopamine Antagonists', 'Antipsychotic Agents']"
4631,Oxprenolol,"['Vasodilator Agents', 'Anti-Anxiety Agents', 'Sympatholytics', 'Antihypertensive Agents', 'Anti-Arrhythmia Agents', 'Adrenergic beta-Antagonists']"
4616,Oxazepam,"['GABA Modulators', 'Hypnotics and Sedatives', 'Anti-Anxiety Agents']"
4595,Ondansetron,"['Antipruritics', 'Antiemetics', 'Serotonin 5-HT3 Receptor Antagonists']"
4585,CID 4585,[]
4543,Nortriptyline,"['Adrenergic Uptake Inhibitors', 'Antidepressive Agents, Tricyclic']"
4506,Nitrazepam,"['GABA Modulators', 'Anticonvulsants', 'Hypnotics and Sedatives', 'Anti-Anxiety Agents']"
4496,Nimetazepam,"['Anticonvulsants', 'Anti-Anxiety Agents', 'Hypnotics and Sedatives', 'GABA Modulators']"
4472,Nialamide,"['Antidepressive Agents', 'Monoamine Oxidase Inhibitors']"
4452,n-(1-Benzyl-2-methylpyrrolidin-3-yl)-5-chloro-2-methoxy-4-(methylamino)benzamide,"['Dopamine Antagonists', 'Antipsychotic Agents']"
4449,Nefazodone,"['Serotonin and Noradrenaline Reuptake Inhibitors', 'Antidepressive Agents, Second-Generation', 'Serotonin 5-HT2 Receptor Antagonists']"
4380,Clorgiline,"['Antidepressive Agents', 'Monoamine Oxidase Inhibitors']"
4235,Moclobemide,"['Antidepressive Agents', 'Monoamine Oxidase Inhibitors']"
4205,Mirtazapine,"['Anti-Anxiety Agents', 'Adrenergic alpha-2 Receptor Antagonists', 'Antidepressive Agents', 'Serotonin 5-HT3 Receptor Antagonists', 'Histamine H1 Antagonists', 'Serotonin 5-HT2 Receptor Antagonists']"
4199,Minaprine,['Antidepressive Agents']
4192,Midazolam,"['Anti-Anxiety Agents', 'Adjuvants, Anesthesia', 'Anesthetics, Intravenous', 'GABA Modulators', 'Hypnotics and Sedatives']"
4184,Mianserin,"['Serotonin Antagonists', 'Histamine H1 Antagonists', 'Antidepressive Agents, Second-Generation', 'Adrenergic alpha-Antagonists']"
4106,Methiothepin,"['Serotonin Antagonists', 'Antipsychotic Agents']"
4078,Mesoridazine,"['Dopamine Antagonists', 'Antipsychotic Agents']"
4076,Mescaline,"['Hallucinogens', 'Serotonin Receptor Agonists']"
4064,Meprobamate,"['Muscle Relaxants, Central', 'Anticonvulsants', 'Hypnotics and Sedatives', 'Anti-Anxiety Agents']"
4041,Medazepam,"['Anti-Anxiety Agents', 'Anticonvulsants', 'Muscle Relaxants, Central', 'GABA Modulators', 'Hypnotics and Sedatives']"
4011,Maprotiline,"['Adrenergic Uptake Inhibitors', 'Antidepressive Agents, Second-Generation']"
3964,Loxapine,"['Dopamine Antagonists', 'Antipsychotic Agents']"
3958,Lorazepam,"['Antiemetics', 'Anti-Anxiety Agents', 'Anticonvulsants', 'GABA Modulators', 'Hypnotics and Sedatives']"
3947,Lofepramine,"['Antidepressive Agents, Tricyclic']"
3916,"2-Methoxy-N,N,beta-trimethyl-10H-phenothiazine-10-propylamine","['Dopamine Antagonists', 'Analgesics, Non-Narcotic', 'Antipsychotic Agents']"
3759,Isocarboxazid,"['Antidepressive Agents', 'Monoamine Oxidase Inhibitors']"
3748,Iproniazid,"['Antidepressive Agents', 'Monoamine Oxidase Inhibitors']"
3704,Indeloxazine,"['Anticonvulsants', 'Antidepressive Agents']"
3696,Imipramine,"['Adrenergic Uptake Inhibitors', 'Antidepressive Agents, Tricyclic']"
3675,Phenelzine,"['Antidepressive Agents', 'Monoamine Oxidase Inhibitors']"
3559,Haloperidol,"['Antiemetics', 'Anti-Dyskinesia Agents', 'Dopamine Antagonists', 'Antipsychotic Agents']"
3446,Gabapentin,"['Anti-Anxiety Agents', 'Antimanic Agents', 'Anticonvulsants', 'Analgesics', 'Excitatory Amino Acid Antagonists']"
3404,2-[[5-Methoxy-1-[4-(trifluoromethyl)phenyl]pentylidene]amino]oxyethanamine,[]
3396,Fluspirilene,"['Dopamine Antagonists', 'Antipsychotic Agents']"
3393,Flurazepam,"['GABA Modulators', 'Hypnotics and Sedatives', 'Anti-Anxiety Agents']"
3389,Fluphenazine Enanthate,['Antipsychotic Agents']
3388,Fluphenazine Decanoate,['Antipsychotic Agents']
3386,Fluoxetine,"['Antidepressive Agents, Second-Generation', 'Cytochrome P-450 CYP2D6 Inhibitors', 'Selective Serotonin Reuptake Inhibitors']"
3380,Flunitrazepam,"['GABA Modulators', 'Anti-Anxiety Agents']"
3372,Fluphenazine,"['Dopamine Antagonists', 'Antipsychotic Agents']"
3369,Fludiazepam,"['Anticonvulsants', 'Anti-Anxiety Agents', 'Muscle Relaxants, Central']"
3307,Etizolam,['Tranquilizing Agents']
3299,Ethyl loflazepate,['Anti-Anxiety Agents']
3277,Etazolate,"['Phosphodiesterase Inhibitors', 'Antipsychotic Agents']"
3261,Estazolam,"['GABA Modulators', 'Anticonvulsants', 'Anti-Anxiety Agents']"
3168,Droperidol,"['Dopamine D2 Receptor Antagonists', 'Adjuvants, Anesthesia', 'Antiemetics', 'Antipsychotic Agents']"
3158,Zonalon,"['Antidepressive Agents, Tricyclic', 'Histamine Antagonists', 'Sleep Aids, Pharmaceutical']"
3121,Valproic Acid,"['Anticonvulsants', 'GABA Agents', 'Enzyme Inhibitors', 'Antimanic Agents']"
3016,Diazepam,"['Antiemetics', 'Anti-Anxiety Agents', 'Anticonvulsants', 'Adjuvants, Anesthesia', 'Anesthetics, Intravenous', 'GABA Modulators', 'Hypnotics and Sedatives', 'Muscle Relaxants, Central']"
2997,Nordazepam,"['GABA Modulators', 'Anti-Anxiety Agents']"
2995,Desipramine,"['Adrenergic Uptake Inhibitors', 'Enzyme Inhibitors', 'Antidepressive Agents, Tricyclic']"
2895,Cyclobenzaprine,"['Tranquilizing Agents', 'Antidepressive Agents, Tricyclic', 'Muscle Relaxants, Central']"
2820,CID 2820,[]
2818,CID 2818,[]
2809,Clorazepic Acid,"['Anticonvulsants', 'Anti-Anxiety Agents', 'GABA Modulators']"
2801,Clomipramine,"['Antidepressive Agents, Tricyclic', 'Selective Serotonin Reuptake Inhibitors']"
2771,Citalopram,"['Antidepressive Agents, Second-Generation', 'Selective Serotonin Reuptake Inhibitors']"
2726,Chlorpromazine,"['Antiemetics', 'Dopamine Antagonists', 'Antipsychotic Agents']"
2717,Chlormezanone,"['Muscle Relaxants, Central', 'Anti-Anxiety Agents']"
2712,Chlordiazepoxide,"['GABA Modulators', 'Hypnotics and Sedatives', 'Adjuvants, Anesthesia', 'Anti-Anxiety Agents']"
2580,Carpipramine,['Anti-Anxiety Agents']
2554,Carbamazepine,"['Sodium Channel Blockers', 'Cytochrome P-450 CYP3A Inducers', 'Antimanic Agents', 'Anticonvulsants', 'Analgesics, Non-Narcotic']"
2477,Buspirone,"['Serotonin Receptor Agonists', 'Anti-Anxiety Agents']"
2448,Bromperidol,['Antipsychotic Agents']
2441,Bromazepam,"['Anti-Anxiety Agents', 'GABA Modulators']"
2377,Bifemelane,['Antidepressive Agents']
2196,Aniracetam,"['Nootropic Agents', 'Antidepressive Agents']"
2170,Amoxapine,"['Adrenergic Uptake Inhibitors', 'Neurotransmitter Uptake Inhibitors', 'Antidepressive Agents, Tricyclic', 'Dopamine Antagonists', 'Selective Serotonin Reuptake Inhibitors']"
2160,Amitriptyline,"['Adrenergic Uptake Inhibitors', 'Antidepressive Agents, Tricyclic', 'Analgesics, Non-Narcotic']"
2159,Amisulpride,"['Antidepressive Agents, Second-Generation', 'Dopamine Antagonists', 'Antipsychotic Agents']"
2118,Alprazolam,"['Anti-Anxiety Agents', 'Hypnotics and Sedatives', 'GABA Modulators']"
2081,Alaproclate,"['Antidepressive Agents', 'Selective Serotonin Reuptake Inhibitors']"
1893,7-Nitroindazole,"['Anti-Anxiety Agents', 'Neuroprotective Agents', 'Anticonvulsants', 'Analgesics', 'Enzyme Inhibitors']"
1615,"3,4-Methylenedioxymethamphetamine","['Adrenergic Uptake Inhibitors', 'Hallucinogens', 'Serotonin Agents']"
1614,Tenamfetamine,"['Adrenergic Uptake Inhibitors', 'Hallucinogens', 'Serotonin Agents']"
1235,"2,6-Methano-3-benzazocin-8-ol, 1,2,3,4,5,6-hexahydro-3-allyl-6,11-dimethyl-",['Antipsychotic Agents']
1229,"1-(4-Iodo-2,5-dimethoxyphenyl)propan-2-amine","['Hallucinogens', 'Serotonin Receptor Agonists']"
803,Indole-3-pyruvic acid,"['Anticonvulsants', 'Free Radical Scavengers', 'Anti-Anxiety Agents']"
444,Bupropion,"['Antidepressive Agents, Second-Generation', 'Cytochrome P-450 CYP2D6 Inhibitors', 'Smoking Cessation Agents', 'Dopamine Uptake Inhibitors']"
144,5-Hydroxytryptophan,"['Antidepressive Agents, Second-Generation']"
